id,nation,name,stat,stat,type,type,pscr,pscr,start_yr,start_mo,end_yr,unit_ids[0],unit_cnt[0],unit_ids[1],unit_cnt[1],unit_ids[2],unit_cnt[2],unit_ids[3],unit_cnt[3],unit_ids[4],unit_cnt[4],unit_ids[5],unit_cnt[5],unit_ids[6],unit_cnt[6],unit_ids[7],unit_cnt[7],unit_ids[8],unit_cnt[8],unit_ids[9],unit_cnt[9]
1,16,Kommandeur,0,average,4,force HQ,6,force HQ,1930,1,1946,244,1,0,0,0,0,0,0,0,0,0,0,0,0,0,0,0,0,0,0
2,16,Pz Kompanie /17,0,average,2,company,1,armor,1942,11,1946,14,1,14,1,1012,1,1012,1,1012,1,0,0,0,0,0,0,0,0,0,0
3,16,Pz Kompanie /14,0,average,2,company,1,armor,1942,11,1946,14,1,14,1,1011,1,1011,1,1011,1,0,0,0,0,0,0,0,0,0,0
4,16,Captured Pz Grp,0,average,1,platoon,1,armor,1941,10,1946,219,1,219,1,0,0,0,0,0,0,0,0,0,0,0,0,0,0,0,0
5,16,Captured Pz Zug,0,average,1,platoon,1,armor,1942,6,1946,219,1,219,1,219,1,219,1,0,0,0,0,0,0,0,0,0,0,0,0
6,16,Captured Pz Kom,0,average,2,company,1,armor,1943,1,1946,219,1,219,1,1005,1,1005,1,1005,1,0,0,0,0,0,0,0,0,0,0
8,16,Pz Kompanie SS,0,average,2,company,1,armor,1942,6,1946,28,1,28,1,1015,1,1015,1,1015,1,0,0,0,0,0,0,0,0,0,0
9,16,Panzer Grp (le),0,average,0,SPWOOB_FTYPE_UNKNOWN,1,armor,1934,7,1946,2,1,2,1,0,0,0,0,0,0,0,0,0,0,0,0,0,0,0,0
10,16,GrW Zug (gep),0,average,1,platoon,2,artillery,1940,4,1946,159,1,159,1,159,1,159,1,0,0,0,0,0,0,0,0,0,0,0,0
11,16,Panzer Zug/4,0,average,1,platoon,1,armor,1942,11,1946,7,1,7,1,7,1,7,1,0,0,0,0,0,0,0,0,0,0,0,0
12,16,Panzer Zug/5,0,average,1,platoon,1,armor,1939,9,1946,7,1,7,1,7,1,7,1,7,1,0,0,0,0,0,0,0,0,0,0
13,16,Panzer Gruppe,0,average,0,SPWOOB_FTYPE_UNKNOWN,1,armor,1939,6,1946,7,1,7,1,0,0,0,0,0,0,0,0,0,0,0,0,0,0,0,0
14,16,PanzerSpaeh Trp,0,average,1,platoon,1,armor,1930,1,1946,67,1,67,1,67,1,0,0,0,0,0,0,0,0,0,0,0,0,0,0
15,16,Panzer Zug SS,0,average,1,platoon,1,armor,1940,4,1946,28,1,28,1,28,1,28,1,28,1,0,0,0,0,0,0,0,0,0,0
16,16,JagdPz Zug/4,0,average,1,platoon,1,armor,1943,7,1946,43,1,43,1,43,1,43,1,0,0,0,0,0,0,0,0,0,0,0,0
17,16,Panzer Kp (le),0,average,2,company,1,armor,1934,9,1940,2,1,2,1,1,1,1,1,1043,1,1043,1,1043,1,1043,1,0,0,0,0
18,16,IG (Sf) Gruppe,0,average,0,SPWOOB_FTYPE_UNKNOWN,2,artillery,1940,2,1946,65,1,65,1,0,0,0,0,0,0,0,0,0,0,0,0,0,0,0,0
19,16,StuH Gruppe,0,average,0,SPWOOB_FTYPE_UNKNOWN,1,armor,1942,10,1946,36,1,36,1,0,0,0,0,0,0,0,0,0,0,0,0,0,0,0,0
20,16,IG (Sf) Zug,0,average,1,platoon,2,artillery,1940,2,1946,65,1,65,1,65,1,65,1,0,0,0,0,0,0,0,0,0,0,0,0
21,16,Flak (SP) Grp,0,average,1,platoon,2,artillery,1938,3,1946,61,1,61,1,0,0,0,0,0,0,0,0,0,0,0,0,0,0,0,0
22,16,Flak Grp,0,average,0,SPWOOB_FTYPE_UNKNOWN,2,artillery,1935,3,1946,87,1,87,1,0,0,0,0,0,0,0,0,0,0,0,0,0,0,0,0
23,16,StuH Zug/4,0,average,1,platoon,1,armor,1944,7,1946,33,1,33,1,33,1,33,1,0,0,0,0,0,0,0,0,0,0,0,0
24,16,SdKfz 251/1 Zug,0,average,1,platoon,4,miscellaneous,1939,6,1940,77,1,77,1,77,1,77,1,0,0,0,0,0,0,0,0,0,0,0,0
25,16,Utility Gruppe,0,average,0,SPWOOB_FTYPE_UNKNOWN,4,miscellaneous,1930,1,1946,195,1,195,1,0,0,0,0,0,0,0,0,0,0,0,0,0,0,0,0
26,16,Transport Grp,0,average,0,SPWOOB_FTYPE_UNKNOWN,4,miscellaneous,1930,1,1946,80,1,80,1,80,1,0,0,0,0,0,0,0,0,0,0,0,0,0,0
27,16,swPanzer Kp (d),0,average,2,company,1,armor,1942,12,1943,31,1,277,1,277,1,1070,1,1070,1,1070,1,0,0,0,0,0,0,0,0
28,16,Transport Zug,0,average,0,SPWOOB_FTYPE_UNKNOWN,4,miscellaneous,1930,1,1946,80,1,80,1,80,1,80,1,0,0,0,0,0,0,0,0,0,0,0,0
29,16,Utility Vehicle,0,average,0,SPWOOB_FTYPE_UNKNOWN,4,miscellaneous,1930,1,1946,195,1,0,0,0,0,0,0,0,0,0,0,0,0,0,0,0,0,0,0
30,16,PzVern Trp,0,average,0,SPWOOB_FTYPE_UNKNOWN,3,infantry,1930,1,1946,112,1,112,1,112,1,0,0,0,0,0,0,0,0,0,0,0,0,0,0
31,16,Transport Kp,0,average,2,company,4,miscellaneous,1930,1,1946,80,1,80,1,1028,1,1028,1,1028,1,0,0,0,0,0,0,0,0,0,0
32,16,GrW Grp,0,average,0,SPWOOB_FTYPE_UNKNOWN,2,artillery,1934,7,1946,93,1,0,0,0,0,0,0,0,0,0,0,0,0,0,0,0,0,0,0
33,16,Haubitzen Grp,0,average,1,platoon,2,artillery,1930,1,1946,131,1,131,1,0,0,0,0,0,0,0,0,0,0,0,0,0,0,0,0
34,16,SdKfz 251 Zug+,0,average,1,platoon,4,miscellaneous,1940,4,1946,77,1,77,1,77,1,165,1,0,0,0,0,0,0,0,0,0,0,0,0
35,16,InfGeschtz Grp,0,average,1,platoon,2,artillery,1930,1,1946,91,1,91,1,0,0,0,0,0,0,0,0,0,0,0,0,0,0,0,0
36,16,Kradschutzen MG,0,average,0,SPWOOB_FTYPE_UNKNOWN,3,infantry,1937,10,1946,993,1,993,1,949,1,0,0,0,0,0,0,0,0,0,0,0,0,0,0
37,16,KradschutzenZug,0,average,1,platoon,3,infantry,1930,1,1946,958,1,958,1,958,1,952,1,949,1,949,1,949,1,949,1,0,0,0,0
38,16,KradschutzenKom,0,average,2,company,3,infantry,1937,10,1946,958,1,949,1,981,1,1037,1,1037,1,1037,1,1036,1,981,1,0,0,0,0
39,16,Kraftradmelder,0,average,0,SPWOOB_FTYPE_UNKNOWN,3,infantry,1937,10,1946,981,1,981,1,0,0,0,0,0,0,0,0,0,0,0,0,0,0,0,0
42,16,Scharfschuetze,0,average,0,SPWOOB_FTYPE_UNKNOWN,3,infantry,1930,1,1946,110,1,0,0,0,0,0,0,0,0,0,0,0,0,0,0,0,0,0,0
43,16,PanzerZug(le)/5,0,average,1,platoon,1,armor,1934,8,1944,2,1,2,1,2,1,1,1,1,1,0,0,0,0,0,0,0,0,0,0
44,16,Jagdpanzer Grp,0,average,0,SPWOOB_FTYPE_UNKNOWN,1,armor,1940,4,1946,49,1,49,1,0,0,0,0,0,0,0,0,0,0,0,0,0,0,0,0
45,16,Mit Art Btr,0,average,1,platoon,2,artillery,1935,6,1946,151,1,0,0,0,0,0,0,0,0,0,0,0,0,0,0,0,0,0,0
46,16,Luftangriff,0,average,1,platoon,4,miscellaneous,1933,1,1946,119,1,119,1,0,0,0,0,0,0,0,0,0,0,0,0,0,0,0,0
47,16,Artillerie Btr,0,average,1,platoon,2,artillery,1930,1,1946,150,1,0,0,0,0,0,0,0,0,0,0,0,0,0,0,0,0,0,0
48,16,Schwere Art Btr,0,average,1,platoon,2,artillery,1933,9,1946,152,1,0,0,0,0,0,0,0,0,0,0,0,0,0,0,0,0,0,0
50,16,Mit Art Abt,0,average,1,platoon,2,artillery,1935,6,1946,151,1,151,1,151,1,0,0,0,0,0,0,0,0,0,0,0,0,0,0
52,16,Artillerie Abt,0,average,1,platoon,2,artillery,1930,1,1946,150,1,150,1,150,1,0,0,0,0,0,0,0,0,0,0,0,0,0,0
55,16,Schwere Art Abt,0,average,1,platoon,2,artillery,1933,9,1946,152,1,152,1,152,1,0,0,0,0,0,0,0,0,0,0,0,0,0,0
57,16,1 Naval Gun,0,average,3,naval,2,artillery,1930,1,1946,137,1,0,0,0,0,0,0,0,0,0,0,0,0,0,0,0,0,0,0
58,16,2 Naval Guns,0,average,3,naval,2,artillery,1930,1,1946,137,1,137,1,0,0,0,0,0,0,0,0,0,0,0,0,0,0,0,0
59,16,3 Naval Guns,0,average,3,naval,2,artillery,1930,1,1946,137,1,137,1,137,1,0,0,0,0,0,0,0,0,0,0,0,0,0,0
60,16,4 Naval Guns,0,average,3,naval,2,artillery,1930,1,1946,137,1,137,1,137,1,137,1,0,0,0,0,0,0,0,0,0,0,0,0
61,16,6 Naval Guns,0,average,3,naval,2,artillery,1930,1,1946,137,1,137,1,137,1,137,1,137,1,137,1,0,0,0,0,0,0,0,0
62,16,Art Btr (besp),0,average,1,platoon,2,artillery,1930,1,1946,131,1,131,1,131,1,131,1,451,1,451,1,451,1,451,1,0,0,0,0
64,16,lePz Geschutz,0,average,1,platoon,1,armor,1940,3,1943,836,1,836,1,835,1,835,1,835,1,0,0,0,0,0,0,0,0,0,0
65,16,PzArt (Sf) Zug,0,average,1,platoon,2,artillery,1942,7,1946,57,1,57,1,0,0,0,0,0,0,0,0,0,0,0,0,0,0,0,0
67,16,Flak Zug,0,average,1,platoon,2,artillery,1935,3,1946,87,1,87,1,87,1,0,0,0,0,0,0,0,0,0,0,0,0,0,0
68,16,Minenraeum Zug,0,average,1,platoon,1,armor,1938,1,1939,135,1,135,1,419,1,419,1,80,1,80,1,0,0,0,0,0,0,0,0
69,16,Minenraeum Zug,0,average,1,platoon,1,armor,1939,6,1946,135,1,135,1,419,1,419,1,77,1,77,1,0,0,0,0,0,0,0,0
70,16,swPanzer Zug(d),0,average,1,platoon,1,armor,1942,8,1943,31,1,277,1,31,1,277,1,0,0,0,0,0,0,0,0,0,0,0,0
71,16,PzSpaehZug (sw),0,average,1,platoon,1,armor,1942,10,1946,73,1,73,1,73,1,0,0,0,0,0,0,0,0,0,0,0,0,0,0
72,16,JagdPz Kp /14,0,average,2,company,1,armor,1944,1,1946,43,1,43,1,1016,1,1016,1,1016,1,0,0,0,0,0,0,0,0,0,0
73,16,StuG Btr /14,0,average,2,company,1,armor,1944,7,1946,35,1,36,1,1103,1,1103,1,1023,1,0,0,0,0,0,0,0,0,0,0
74,16,PzArt (Sf) Abt+,0,average,2,company,2,artillery,1942,4,1946,57,1,57,1,57,1,57,1,1080,1,1080,1,1151,1,1151,1,1075,1,0,0
75,16,Artillerie VB,0,average,1,platoon,2,artillery,1932,1,1946,424,1,0,0,0,0,0,0,0,0,0,0,0,0,0,0,0,0,0,0
76,16,PzArt (Sf) Abt,0,average,2,company,2,artillery,1942,4,1946,57,1,57,1,57,1,57,1,1080,1,1080,1,0,0,0,0,0,0,0,0
77,16,PzAufklZug(gep),0,average,1,platoon,1,armor,1942,10,1946,76,1,308,1,162,1,162,1,0,0,0,0,0,0,0,0,0,0,0,0
78,16,PaK Gruppe,0,average,1,platoon,2,artillery,1930,1,1946,83,1,83,1,83,1,0,0,0,0,0,0,0,0,0,0,0,0,0,0
80,16,PzArt (Sf) Btr,0,average,1,platoon,2,artillery,1942,4,1946,57,1,57,1,57,1,57,1,0,0,0,0,0,0,0,0,0,0,0,0
81,16,Feldbefestigung,0,average,1,platoon,4,miscellaneous,1930,1,1946,144,1,145,1,146,1,0,0,0,0,0,0,0,0,0,0,0,0,0,0
83,16,GrW Btr (sw),0,average,1,platoon,2,artillery,1936,11,1946,232,1,232,1,232,1,0,0,0,0,0,0,0,0,0,0,0,0,0,0
84,16,GrW Batterie,0,average,1,platoon,2,artillery,1935,1,1946,93,1,93,1,93,1,0,0,0,0,0,0,0,0,0,0,0,0,0,0
86,16,Haubitzen Btr,0,average,1,platoon,2,artillery,1930,1,1946,131,1,131,1,131,1,131,1,0,0,0,0,0,0,0,0,0,0,0,0
87,16,PaK Gruppe /M,0,average,1,platoon,2,artillery,1939,6,1946,83,1,83,1,83,1,77,1,77,1,77,1,0,0,0,0,0,0,0,0
88,16,CS Panzer Grp,0,average,0,SPWOOB_FTYPE_UNKNOWN,1,armor,1938,1,1943,20,1,20,1,0,0,0,0,0,0,0,0,0,0,0,0,0,0,0,0
89,16,Flammpanzer Grp,0,average,0,SPWOOB_FTYPE_UNKNOWN,1,armor,1941,6,1946,6,1,6,1,0,0,0,0,0,0,0,0,0,0,0,0,0,0,0,0
91,16,8.8cm FlaKGrp/M,0,average,1,platoon,2,artillery,1936,12,1946,90,1,90,1,79,1,79,1,0,0,0,0,0,0,0,0,0,0,0,0
96,16,Flak Batterie,0,average,1,platoon,2,artillery,1935,3,1946,87,1,87,1,87,1,87,1,0,0,0,0,0,0,0,0,0,0,0,0
97,16,Lastensegler,0,average,0,SPWOOB_FTYPE_UNKNOWN,4,miscellaneous,1938,1,1946,184,1,184,1,184,1,184,1,0,0,0,0,0,0,0,0,0,0,0,0
98,16,Beob.Flugzeug,0,average,1,platoon,4,miscellaneous,1933,1,1946,186,1,0,0,0,0,0,0,0,0,0,0,0,0,0,0,0,0,0,0
100,16,Krad Kompanie,0,average,2,company,3,infantry,1930,1,1946,109,1,1101,1,1101,1,1101,1,0,0,0,0,0,0,0,0,0,0,0,0
101,16,Krad Zug,0,average,1,platoon,3,infantry,1930,1,1946,109,1,511,1,512,1,0,0,0,0,0,0,0,0,0,0,0,0,0,0
102,16,StuG Gruppe,0,average,0,SPWOOB_FTYPE_UNKNOWN,1,armor,1940,5,1946,35,1,35,1,0,0,0,0,0,0,0,0,0,0,0,0,0,0,0,0
103,16,StuG Zug/4,0,average,1,platoon,1,armor,1944,7,1946,35,1,35,1,35,1,35,1,0,0,0,0,0,0,0,0,0,0,0,0
104,16,Spaehtrupp,0,average,0,SPWOOB_FTYPE_UNKNOWN,3,infantry,1930,1,1946,189,1,189,1,0,0,0,0,0,0,0,0,0,0,0,0,0,0,0,0
105,16,IG Kompanie /T,0,average,2,company,2,artillery,1930,1,1946,91,1,91,1,1035,1,1035,1,1112,1,1322,1,1322,1,1322,1,0,0,0,0
106,16,swPanzer Gruppe,0,average,0,SPWOOB_FTYPE_UNKNOWN,1,armor,1942,12,1946,31,1,31,1,0,0,0,0,0,0,0,0,0,0,0,0,0,0,0,0
107,16,PzGrp (tauch),0,average,0,SPWOOB_FTYPE_UNKNOWN,1,armor,1940,8,1941,203,1,203,1,0,0,0,0,0,0,0,0,0,0,0,0,0,0,0,0
108,16,PzZug (tauch),0,average,1,platoon,1,armor,1940,8,1941,203,1,203,1,203,1,203,1,0,0,0,0,0,0,0,0,0,0,0,0
109,16,Tante Ju,0,average,1,platoon,4,miscellaneous,1933,9,1946,196,1,196,1,196,1,196,1,0,0,0,0,0,0,0,0,0,0,0,0
110,16,Artillerie VB/M,0,average,1,platoon,2,artillery,1943,1,1946,223,1,76,1,0,0,0,0,0,0,0,0,0,0,0,0,0,0,0,0
111,16,Artillerie VB,0,average,1,platoon,2,artillery,1930,1,1946,223,1,0,0,0,0,0,0,0,0,0,0,0,0,0,0,0,0,0,0
112,16,Artillerie VB/T,0,average,1,platoon,2,artillery,1930,1,1946,223,1,155,1,0,0,0,0,0,0,0,0,0,0,0,0,0,0,0,0
113,16,FJg VB,0,average,1,platoon,2,artillery,1938,1,1946,653,1,0,0,0,0,0,0,0,0,0,0,0,0,0,0,0,0,0,0
114,16,RakArt (Sf) Btr,0,average,1,platoon,2,artillery,1943,3,1946,157,1,157,1,157,1,157,1,0,0,0,0,0,0,0,0,0,0,0,0
115,16,IG Kompanie,0,average,2,company,2,artillery,1930,1,1946,91,1,91,1,1035,1,1035,1,1111,1,0,0,0,0,0,0,0,0,0,0
116,16,PzB Zug,0,average,1,platoon,2,artillery,1941,3,1946,115,1,115,1,115,1,0,0,0,0,0,0,0,0,0,0,0,0,0,0
117,16,FJg PzBuechse,0,average,0,SPWOOB_FTYPE_UNKNOWN,3,infantry,1939,7,1946,250,1,250,1,0,0,0,0,0,0,0,0,0,0,0,0,0,0,0,0
118,16,Brandenburger,0,average,1,platoon,3,infantry,1939,6,1946,222,1,222,1,0,0,0,0,0,0,0,0,0,0,0,0,0,0,0,0
119,16,Schwere LKW,0,average,0,SPWOOB_FTYPE_UNKNOWN,4,miscellaneous,1930,1,1946,81,1,81,1,81,1,81,1,0,0,0,0,0,0,0,0,0,0,0,0
121,16,SdKfz250 Gruppe,0,average,0,SPWOOB_FTYPE_UNKNOWN,4,miscellaneous,1942,1,1946,76,1,76,1,0,0,0,0,0,0,0,0,0,0,0,0,0,0,0,0
122,16,SdKfz250 Aufkl,0,average,1,platoon,4,miscellaneous,1942,1,1946,76,1,76,1,188,1,188,1,0,0,0,0,0,0,0,0,0,0,0,0
123,16,Raketen Art Zug,0,average,1,platoon,2,artillery,1940,11,1946,136,1,136,1,136,1,136,1,136,1,136,1,0,0,0,0,0,0,0,0
124,16,Raketen Art Btr,0,average,2,company,2,artillery,1941,6,1946,136,1,136,1,136,1,136,1,136,1,136,1,1123,1,1123,1,0,0,0,0
125,16,GrW Grp (sw),0,average,0,SPWOOB_FTYPE_UNKNOWN,2,artillery,1936,11,1946,232,1,0,0,0,0,0,0,0,0,0,0,0,0,0,0,0,0,0,0
126,16,Maus,0,average,1,platoon,1,armor,1945,6,1946,214,1,0,0,0,0,0,0,0,0,0,0,0,0,0,0,0,0,0,0
127,16,Pferdewagen Zug,0,average,0,SPWOOB_FTYPE_UNKNOWN,4,miscellaneous,1930,1,1946,78,1,78,1,78,1,78,1,0,0,0,0,0,0,0,0,0,0,0,0
128,16,Raketen Art Grp,0,average,0,SPWOOB_FTYPE_UNKNOWN,2,artillery,1940,11,1946,136,1,136,1,136,1,0,0,0,0,0,0,0,0,0,0,0,0,0,0
129,16,PzVernTrp SS,0,average,0,SPWOOB_FTYPE_UNKNOWN,3,infantry,1938,1,1946,112,1,112,1,0,0,0,0,0,0,0,0,0,0,0,0,0,0,0,0
131,16,Geb SatzGeshutz,0,average,1,platoon,2,artillery,1932,1,1946,489,1,489,1,450,1,450,1,0,0,0,0,0,0,0,0,0,0,0,0
132,16,FJg (le)Geshutz,0,average,1,platoon,2,artillery,1940,5,1946,420,1,420,1,0,0,0,0,0,0,0,0,0,0,0,0,0,0,0,0
134,16,8.8cm Flak Grp,0,average,1,platoon,2,artillery,1936,1,1946,90,1,90,1,0,0,0,0,0,0,0,0,0,0,0,0,0,0,0,0
135,16,8.8cm FlakZug/M,0,average,1,platoon,2,artillery,1936,12,1946,90,1,90,1,90,1,90,1,79,1,79,1,79,1,79,1,0,0,0,0
136,16,StKp(d) swPzAbt,0,average,2,company,1,armor,1942,12,1943,31,1,31,1,277,1,1138,1,0,0,0,0,0,0,0,0,0,0,0,0
137,16,FJg Spaehtrupp,0,average,0,SPWOOB_FTYPE_UNKNOWN,3,infantry,1938,1,1946,271,1,271,1,0,0,0,0,0,0,0,0,0,0,0,0,0,0,0,0
138,16,swPz le Zug (d),0,average,1,platoon,1,armor,1942,12,1943,277,1,277,1,277,1,277,1,277,1,0,0,0,0,0,0,0,0,0,0
139,16,swPanzer Kp (e),0,average,2,company,1,armor,1943,5,1946,31,1,31,1,1140,1,1140,1,1140,1,0,0,0,0,0,0,0,0,0,0
140,16,swPanzer Zug(e),0,average,1,platoon,1,armor,1943,5,1946,31,1,31,1,31,1,31,1,0,0,0,0,0,0,0,0,0,0,0,0
141,16,OrPo Panzer Grp,0,average,0,SPWOOB_FTYPE_UNKNOWN,1,armor,1938,4,1946,461,1,461,1,0,0,0,0,0,0,0,0,0,0,0,0,0,0,0,0
142,16,swPz Zug (d) SS,0,average,1,platoon,1,armor,1942,12,1943,31,1,31,1,277,1,277,1,0,0,0,0,0,0,0,0,0,0,0,0
143,16,swPzKp (d) SS,0,average,2,company,1,armor,1942,12,1943,31,1,277,1,277,1,1070,1,1070,1,1070,1,0,0,0,0,0,0,0,0
144,16,swPzKp (e) SS,0,average,2,company,1,armor,1943,5,1946,31,1,31,1,1145,1,1145,1,1145,1,0,0,0,0,0,0,0,0,0,0
145,16,swPz Zug (e) SS,0,average,1,platoon,1,armor,1943,5,1946,31,1,31,1,31,1,31,1,0,0,0,0,0,0,0,0,0,0,0,0
146,16,StKp(d) swPz SS,0,average,2,company,1,armor,1942,12,1943,31,1,31,1,277,1,1147,1,0,0,0,0,0,0,0,0,0,0,0,0
147,16,swPz leZug(d)SS,0,average,1,platoon,1,armor,1942,12,1943,277,1,277,1,277,1,277,1,277,1,0,0,0,0,0,0,0,0,0,0
148,16,swPz Zug (d) SS,0,average,1,platoon,1,armor,1942,12,1943,31,1,277,1,31,1,277,1,0,0,0,0,0,0,0,0,0,0,0,0
149,16,StKp(e) swPzAbt,0,average,1,platoon,1,armor,1943,5,1946,31,1,31,1,31,1,0,0,0,0,0,0,0,0,0,0,0,0,0,0
150,16,Lastkahn-Transp,0,average,0,SPWOOB_FTYPE_UNKNOWN,4,miscellaneous,1930,1,1946,248,1,248,1,0,0,0,0,0,0,0,0,0,0,0,0,0,0,0,0
151,16,MunitionsTransp,0,average,0,SPWOOB_FTYPE_UNKNOWN,4,miscellaneous,1930,1,1946,230,1,230,1,0,0,0,0,0,0,0,0,0,0,0,0,0,0,0,0
152,16,StKp(e) swPz SS,0,average,1,platoon,1,armor,1943,5,1946,31,1,31,1,31,1,0,0,0,0,0,0,0,0,0,0,0,0,0,0
153,16,swPz Grp (e) SS,0,average,1,platoon,1,armor,1942,12,1946,31,1,31,1,0,0,0,0,0,0,0,0,0,0,0,0,0,0,0,0
156,16,Spaehtrupp SS,0,average,0,SPWOOB_FTYPE_UNKNOWN,3,infantry,1938,1,1946,189,1,189,1,0,0,0,0,0,0,0,0,0,0,0,0,0,0,0,0
157,16,Pferdewagen Grp,0,average,0,SPWOOB_FTYPE_UNKNOWN,4,miscellaneous,1930,1,1946,78,1,78,1,0,0,0,0,0,0,0,0,0,0,0,0,0,0,0,0
158,16,JagdPz Kp /10,0,average,2,company,1,armor,1942,10,1943,42,1,1191,1,1191,1,1191,1,0,0,0,0,0,0,0,0,0,0,0,0
159,16,Pz Kompanie /22,0,average,2,company,1,armor,1943,5,1944,26,1,26,1,1012,1,1012,1,1012,1,1012,1,0,0,0,0,0,0,0,0
161,16,StuG Btr /7,0,average,2,company,1,armor,1940,5,1942,35,1,1102,1,1102,1,1102,1,0,0,0,0,0,0,0,0,0,0,0,0
162,16,StuG Btr /10,0,average,2,company,1,armor,1942,11,1946,35,1,1169,1,1169,1,1169,1,0,0,0,0,0,0,0,0,0,0,0,0
163,16,StuG Btr /10*,0,average,2,company,1,armor,1943,3,1946,35,1,1169,1,1169,1,1170,1,0,0,0,0,0,0,0,0,0,0,0,0
164,16,StuG Btr /14,0,average,2,company,1,armor,1944,2,1944,35,1,36,1,1169,1,1169,1,1169,1,1170,1,0,0,0,0,0,0,0,0
165,16,Panzer Kp/22 SS,0,average,2,company,1,armor,1943,5,1946,26,1,26,1,1012,1,1012,1,1012,1,1012,1,0,0,0,0,0,0,0,0
167,16,BegleitGren Zug,0,average,2,company,3,infantry,1944,1,1946,284,1,1171,1,1171,1,1171,1,0,0,0,0,0,0,0,0,0,0,0,0
169,16,StuG Zug /3,0,average,1,platoon,1,armor,1942,11,1946,35,1,35,1,35,1,0,0,0,0,0,0,0,0,0,0,0,0,0,0
170,16,StuH Zug /3,0,average,1,platoon,1,armor,1942,11,1946,36,1,36,1,36,1,0,0,0,0,0,0,0,0,0,0,0,0,0,0
171,16,BegleitGren Grp,0,average,1,platoon,3,infantry,1944,1,1946,285,1,284,1,284,1,284,1,0,0,0,0,0,0,0,0,0,0,0,0
172,16,Scharfschtz Grp,0,average,0,SPWOOB_FTYPE_UNKNOWN,3,infantry,1939,1,1946,110,1,110,1,0,0,0,0,0,0,0,0,0,0,0,0,0,0,0,0
173,16,SdKfz (Kan) Grp,0,average,0,SPWOOB_FTYPE_UNKNOWN,4,miscellaneous,1940,4,1946,165,1,165,1,0,0,0,0,0,0,0,0,0,0,0,0,0,0,0,0
174,16,GrW Grp (gep),0,average,1,platoon,2,artillery,1940,4,1946,163,1,163,1,0,0,0,0,0,0,0,0,0,0,0,0,0,0,0,0
175,16,GrW Bt (mot) SS,0,average,1,platoon,2,artillery,1938,1,1946,93,1,93,1,93,1,80,1,80,1,80,1,0,0,0,0,0,0,0,0
176,16,s GrW Bt mot SS,0,average,1,platoon,2,artillery,1939,8,1946,232,1,232,1,232,1,80,1,80,1,80,1,0,0,0,0,0,0,0,0
177,16,IG Grp (mot) SS,0,average,1,platoon,2,artillery,1939,1,1946,91,1,91,1,80,1,80,1,0,0,0,0,0,0,0,0,0,0,0,0
178,16,FlaK Grp (mot),0,average,1,platoon,2,artillery,1935,3,1946,87,1,87,1,80,1,80,1,0,0,0,0,0,0,0,0,0,0,0,0
179,16,PaK Zug (mot),0,average,1,platoon,2,artillery,1930,1,1944,82,1,82,1,82,1,80,1,80,1,80,1,0,0,0,0,0,0,0,0
180,16,PaK Zug mot SS,0,average,1,platoon,2,artillery,1939,1,1946,84,1,84,1,84,1,80,1,80,1,80,1,0,0,0,0,0,0,0,0
183,16,Inf Btl sw Kp,0,average,2,company,3,infantry,1936,1,1943,552,1,1475,1,1475,1,1475,1,0,0,0,0,0,0,0,0,0,0,0,0
184,16,Inf Btl sw Kp b,0,average,2,company,3,infantry,1936,1,1943,552,1,1084,1,1381,1,500,1,0,0,0,0,0,0,0,0,0,0,0,0
185,16,Inf Btl sw Kp,0,average,2,company,3,infantry,1944,1,1946,361,1,1378,1,1475,1,1475,1,1475,1,0,0,0,0,0,0,0,0,0,0
186,16,Panzer Kp (le),0,average,2,company,1,armor,1939,9,1942,7,1,7,1,1043,1,1012,1,1012,1,1012,1,0,0,0,0,0,0,0,0
187,16,Panzer Kp (m),0,average,2,company,1,armor,1939,9,1940,21,1,21,1,1043,1,1190,1,1190,1,1190,1,0,0,0,0,0,0,0,0
188,16,Panzer Kp (m),0,average,2,company,1,armor,1940,5,1942,21,1,21,1,1043,1,1190,1,1190,1,0,0,0,0,0,0,0,0,0,0
190,16,Panzer Zug(m)/4,0,average,1,platoon,1,armor,1939,9,1942,20,1,20,1,20,1,20,1,0,0,0,0,0,0,0,0,0,0,0,0
191,16,JagdPz Zug /3,0,average,0,SPWOOB_FTYPE_UNKNOWN,1,armor,1940,4,1943,42,1,42,1,42,1,0,0,0,0,0,0,0,0,0,0,0,0,0,0
192,16,JagdPz Kp /9,0,average,2,company,1,armor,1943,7,1946,42,1,1016,1,1016,1,0,0,0,0,0,0,0,0,0,0,0,0,0,0
194,16,Fahrrad Zug,0,average,1,platoon,3,infantry,1935,1,1946,515,1,516,1,516,1,516,1,0,0,0,0,0,0,0,0,0,0,0,0
195,16,Fahrrad Ko,0,average,2,company,3,infantry,1935,1,1943,515,1,518,1,78,1,1194,1,1194,1,1194,1,1388,1,0,0,0,0,0,0
196,16,Fahrrad Ko,0,average,2,company,3,infantry,1944,1,1946,515,1,514,1,1194,1,1194,1,1194,1,1388,1,0,0,0,0,0,0,0,0
197,16,PzKp (a) le 39,0,average,2,company,1,armor,1939,3,1940,1,1,1,1,1,1,1043,1,1201,1,1202,1,0,0,0,0,0,0,0,0
198,16,Panzer Kp/10,0,average,2,company,1,armor,1944,8,1946,30,1,1200,1,1200,1,1200,1,0,0,0,0,0,0,0,0,0,0,0,0
199,16,Bunker,0,average,1,platoon,4,miscellaneous,1930,1,1946,144,1,0,0,0,0,0,0,0,0,0,0,0,0,0,0,0,0,0,0
200,16,Panzer Zug /3,0,average,1,platoon,1,armor,1944,8,1946,30,1,30,1,30,1,0,0,0,0,0,0,0,0,0,0,0,0,0,0
201,16,Panzer Zug /3,0,average,1,platoon,1,armor,1937,7,1940,7,1,7,1,7,1,0,0,0,0,0,0,0,0,0,0,0,0,0,0
202,16,Panzer Zug(m)/6,0,average,1,platoon,1,armor,1939,3,1940,20,1,20,1,20,1,20,1,20,1,20,1,0,0,0,0,0,0,0,0
203,16,Ari-Zugmaschine,0,average,0,SPWOOB_FTYPE_UNKNOWN,4,miscellaneous,1933,9,1946,79,1,79,1,0,0,0,0,0,0,0,0,0,0,0,0,0,0,0,0
205,16,SturmPioZug,0,average,1,platoon,3,infantry,1942,11,1946,300,1,300,1,300,1,0,0,0,0,0,0,0,0,0,0,0,0,0,0
206,16,SturmPioZg (sw),0,average,1,platoon,3,infantry,1942,11,1946,96,1,96,1,322,1,322,1,80,1,80,1,93,1,93,1,93,1,93,1
208,16,SturmPionierKp,0,average,2,company,3,infantry,1942,11,1946,301,1,1205,1,1205,1,1205,1,1206,1,302,1,0,0,0,0,0,0,0,0
209,16,Ost-Inf Zug (M),0,average,1,platoon,3,infantry,1942,7,1946,306,1,306,1,306,1,733,1,0,0,0,0,0,0,0,0,0,0,0,0
211,16,Light Truck,0,average,0,SPWOOB_FTYPE_UNKNOWN,4,miscellaneous,1930,1,1946,155,1,0,0,0,0,0,0,0,0,0,0,0,0,0,0,0,0,0,0
212,16,Light Truck Grp,0,average,0,SPWOOB_FTYPE_UNKNOWN,4,miscellaneous,1930,1,1946,155,1,155,1,0,0,0,0,0,0,0,0,0,0,0,0,0,0,0,0
213,16,Ost Inf Kp (sw),0,average,2,company,3,infantry,1942,10,1946,305,1,500,1,442,1,1209,1,1209,1,1209,1,0,0,0,0,0,0,0,0
214,16,GrW Trp (le),0,average,0,SPWOOB_FTYPE_UNKNOWN,2,artillery,1936,7,1945,449,1,449,1,0,0,0,0,0,0,0,0,0,0,0,0,0,0,0,0
215,16,GrW Grp (le),0,average,1,platoon,2,artillery,1936,7,1946,449,1,449,1,449,1,0,0,0,0,0,0,0,0,0,0,0,0,0,0
216,16,PzAufklTrp(gep),0,average,1,platoon,1,armor,1942,10,1946,311,1,311,1,308,1,308,1,0,0,0,0,0,0,0,0,0,0,0,0
217,16,StKp PzAufklAbt,0,average,2,company,1,armor,1942,10,1946,76,1,1216,1,1014,1,1014,1,1014,1,1014,1,1014,1,1014,1,1218,1,1071,1
218,16,PzAufkl-UstZg,0,average,1,platoon,1,armor,1942,10,1946,74,1,74,1,74,1,0,0,0,0,0,0,0,0,0,0,0,0,0,0
219,16,PzAufklKp(gep),0,average,2,company,1,armor,1942,10,1946,76,1,1216,1,1077,1,1077,1,1077,1,1077,1,1077,1,1077,1,1077,1,1077,1
220,16,PzAufklZug(Inf),0,average,1,platoon,3,infantry,1942,10,1946,308,1,354,1,354,1,311,1,311,1,311,1,0,0,0,0,0,0,0,0
221,16,PzAufklZug(GrW),0,average,1,platoon,2,artillery,1942,10,1946,159,1,159,1,308,1,311,1,160,1,160,1,308,1,311,1,308,1,311,1
222,16,PzAufklGrp(Ust),0,average,1,platoon,1,armor,1942,10,1946,311,1,308,1,160,1,160,1,0,0,0,0,0,0,0,0,0,0,0,0
223,16,PzAufklGrp(GrW),0,average,1,platoon,2,artillery,1942,10,1946,159,1,159,1,308,1,311,1,0,0,0,0,0,0,0,0,0,0,0,0
224,16,PzAufklKp(Inf),0,average,2,company,3,infantry,1942,10,1946,308,1,311,1,1216,1,1220,1,1220,1,1220,1,1221,1,0,0,0,0,0,0
225,16,PzAufklKp (sw),0,average,2,company,1,armor,1942,10,1946,311,1,308,1,1226,1,1228,1,1227,1,0,0,0,0,0,0,0,0,0,0
226,16,SturmPiZug(gep),0,average,1,platoon,3,infantry,1942,10,1946,300,1,309,1,309,1,309,1,77,1,77,1,77,1,77,1,0,0,0,0
227,16,PzAufklZug(Ust),0,average,1,platoon,1,armor,1942,10,1944,311,1,308,1,310,1,310,1,310,1,310,1,310,1,310,1,0,0,0,0
228,16,PzAufklBt(sGrW),0,average,1,platoon,1,armor,1942,10,1946,76,1,308,1,159,1,159,1,159,1,159,1,159,1,159,1,0,0,0,0
229,16,PzSpaeh Trp(sw),0,average,0,SPWOOB_FTYPE_UNKNOWN,1,armor,1937,9,1946,70,1,70,1,0,0,0,0,0,0,0,0,0,0,0,0,0,0,0,0
230,16,PzAufklKp (rad),0,average,2,company,1,armor,1937,9,1942,67,1,1231,1,1232,1,1232,1,0,0,0,0,0,0,0,0,0,0,0,0
231,16,PzSpaeh Zug(sw),0,average,1,platoon,1,armor,1937,9,1942,70,1,70,1,70,1,70,1,70,1,70,1,0,0,0,0,0,0,0,0
232,16,PzSpaeh Zug,0,average,1,platoon,1,armor,1937,9,1942,67,1,67,1,67,1,67,1,67,1,67,1,0,0,0,0,0,0,0,0
233,16,PzAufkl-UstZg,0,average,0,SPWOOB_FTYPE_UNKNOWN,2,artillery,1937,9,1942,91,1,91,1,79,1,79,1,0,0,0,0,0,0,0,0,0,0,0,0
234,16,PzJgZug AufklKp,0,average,1,platoon,2,artillery,1937,9,1942,82,1,82,1,82,1,82,1,82,1,79,1,79,1,79,1,79,1,79,1
235,16,PzAufklKp (sw),0,average,2,company,2,artillery,1937,9,1942,91,1,308,1,195,1,79,1,1233,1,1234,1,1242,1,0,0,0,0,0,0
236,16,Pionier Kp,0,average,2,company,3,infantry,1930,1,1934,419,1,419,1,1239,1,1239,1,1239,1,0,0,0,0,0,0,0,0,0,0
238,16,GebPioniere Zug,0,average,1,platoon,3,infantry,1930,1,1934,422,1,422,1,422,1,422,1,0,0,0,0,0,0,0,0,0,0,0,0
239,16,Pionier Zug,0,average,1,platoon,3,infantry,1930,1,1934,419,1,103,1,102,1,102,1,0,0,0,0,0,0,0,0,0,0,0,0
240,16,Pionier Zug,0,average,1,platoon,3,infantry,1934,6,1946,419,1,103,1,102,1,440,1,0,0,0,0,0,0,0,0,0,0,0,0
241,16,PionierZug(gep),0,average,1,platoon,3,infantry,1939,6,1946,102,1,102,1,102,1,102,1,440,1,77,1,77,1,77,1,77,1,77,1
242,16,PionierZug(mot),0,average,1,platoon,3,infantry,1937,9,1946,102,1,102,1,102,1,102,1,440,1,80,1,80,1,80,1,80,1,80,1
243,16,Pionier Kp,0,average,2,company,3,infantry,1934,6,1943,419,1,419,1,1240,1,1240,1,1240,1,0,0,0,0,0,0,0,0,0,0
244,16,Pionier Kp,0,average,2,company,3,infantry,1943,9,1946,102,1,102,1,93,1,501,1,1240,1,1240,1,1240,1,0,0,0,0,0,0
245,16,Kampfflugzeug,0,average,1,platoon,4,miscellaneous,1933,1,1946,339,1,339,1,339,1,0,0,0,0,0,0,0,0,0,0,0,0,0,0
246,16,GebJaeger Zug,0,average,1,platoon,3,infantry,1930,1,1946,260,1,260,1,260,1,260,1,495,1,0,0,0,0,0,0,0,0,0,0
247,16,GebJaeger Kp,0,average,2,company,3,infantry,1934,6,1943,257,1,1246,1,1246,1,1246,1,1246,1,1457,1,0,0,0,0,0,0,0,0
248,16,GebJaeger Kp,0,average,2,company,3,infantry,1944,1,1946,257,1,1246,1,1246,1,1246,1,1458,1,0,0,0,0,0,0,0,0,0,0
249,16,GebPioniere Zug,0,average,1,platoon,3,infantry,1936,6,1946,422,1,422,1,422,1,520,1,0,0,0,0,0,0,0,0,0,0,0,0
250,16,Tante Ju (1),0,average,1,platoon,4,miscellaneous,1936,1,1946,196,1,0,0,0,0,0,0,0,0,0,0,0,0,0,0,0,0,0,0
251,16,Lastensegler(1),0,average,0,SPWOOB_FTYPE_UNKNOWN,4,miscellaneous,1938,1,1946,184,1,0,0,0,0,0,0,0,0,0,0,0,0,0,0,0,0,0,0
252,16,Tante Ju (2),0,average,1,platoon,4,miscellaneous,1936,1,1946,196,1,196,1,0,0,0,0,0,0,0,0,0,0,0,0,0,0,0,0
253,16,Volkssturm Zug,0,average,0,SPWOOB_FTYPE_UNKNOWN,3,infantry,1945,1,1946,350,1,350,1,351,1,945,1,0,0,0,0,0,0,0,0,0,0,0,0
254,16,Volkssturm Kp,0,average,2,company,3,infantry,1945,1,1946,350,1,350,1,351,1,644,1,1253,1,1253,1,1253,1,0,0,0,0,0,0
255,16,VGren Zug,0,average,1,platoon,3,infantry,1944,3,1946,344,1,107,1,107,1,112,1,112,1,0,0,0,0,0,0,0,0,0,0
256,16,VGren Kompanie,0,average,2,company,3,infantry,1944,3,1946,107,1,1255,1,1255,1,1255,1,0,0,0,0,0,0,0,0,0,0,0,0
257,16,Luftwaffe Zug,0,average,1,platoon,3,infantry,1942,2,1943,592,1,592,1,592,1,593,1,113,1,0,0,0,0,0,0,0,0,0,0
258,16,Luftwaffe Kp,0,average,2,company,3,infantry,1942,2,1943,592,1,500,1,500,1,500,1,1257,1,1257,1,1257,1,0,0,0,0,0,0
259,16,Luftpanzer Zug,0,average,0,SPWOOB_FTYPE_UNKNOWN,1,armor,1942,10,1944,572,1,572,1,572,1,0,0,0,0,0,0,0,0,0,0,0,0,0,0
260,16,FJg Zug,0,average,1,platoon,3,infantry,1938,1,1946,177,1,177,1,177,1,274,1,274,1,274,1,0,0,0,0,0,0,0,0
261,16,FJg Kompanie,0,average,2,company,3,infantry,1938,1,1946,177,1,273,1,1260,1,1260,1,1260,1,1117,1,0,0,0,0,0,0,0,0
262,16,FJg Kompanie +,0,average,2,company,3,infantry,1938,1,1946,177,1,273,1,255,1,93,1,1260,1,1260,1,1260,1,1117,1,0,0,0,0
263,16,FJg MG Kp,0,average,2,company,3,infantry,1938,1,1946,177,1,93,1,93,1,1383,1,1383,1,1117,1,0,0,0,0,0,0,0,0
264,16,FJg Pionier Zug,0,average,1,platoon,3,infantry,1938,1,1946,227,1,227,1,229,1,274,1,274,1,274,1,0,0,0,0,0,0,0,0
265,16,Ost-Inf Zug (G),0,average,1,platoon,3,infantry,1942,7,1946,306,1,306,1,306,1,449,1,0,0,0,0,0,0,0,0,0,0,0,0
266,16,FJg Zug [A],0,average,1,platoon,5,*AI*,1938,1,1946,177,1,177,1,177,1,274,1,274,1,274,1,196,1,196,1,196,1,0,0
267,16,FJg Kom [A],0,average,2,company,5,*AI*,1938,1,1946,177,1,273,1,196,1,255,1,1117,1,196,1,1266,1,1266,1,1266,1,0,0
270,16,FJg PzB [G],0,average,0,SPWOOB_FTYPE_UNKNOWN,5,*AI*,1941,3,1946,115,1,115,1,184,1,0,0,0,0,0,0,0,0,0,0,0,0,0,0
271,16,FJg Geshutz [G],0,average,0,SPWOOB_FTYPE_UNKNOWN,5,*AI*,1940,5,1946,420,1,420,1,184,1,0,0,0,0,0,0,0,0,0,0,0,0,0,0
272,16,FJg  Inf AT [A],0,average,1,platoon,5,*AI*,1939,7,1946,250,1,250,1,250,1,250,1,196,1,0,0,0,0,0,0,0,0,0,0
273,16,FJg Support [A],0,average,2,company,5,*AI*,1938,1,1946,177,1,177,1,196,1,1277,1,1276,1,1274,1,1275,1,1272,1,1276,1,1275,1
274,16,FJg Spaehtrp[A],0,average,1,platoon,5,*AI*,1938,1,1946,271,1,273,1,271,1,273,1,271,1,273,1,271,1,273,1,196,1,0,0
275,16,FJg GrW [A],0,average,1,platoon,5,*AI*,1938,1,1946,369,1,369,1,196,1,0,0,0,0,0,0,0,0,0,0,0,0,0,0
276,16,FJg MMG [A],0,average,1,platoon,5,*AI*,1938,1,1946,255,1,255,1,196,1,0,0,0,0,0,0,0,0,0,0,0,0,0,0
277,16,FJg Pio [A],0,average,1,platoon,5,*AI*,1938,1,1946,227,1,227,1,196,1,229,1,229,1,196,1,274,1,274,1,274,1,196,1
278,16,FJg Zug [G],0,average,2,company,5,*AI*,1938,1,1946,177,1,177,1,177,1,184,1,184,1,184,1,1288,1,0,0,0,0,0,0
279,16,FJg Kom [G],0,average,2,company,5,*AI*,1938,1,1946,177,1,184,1,1289,1,1291,1,1288,1,1291,1,1288,1,1291,1,1288,1,0,0
282,16,FJg GrW Plt [G],0,average,1,platoon,5,*AI*,1938,1,1946,93,1,93,1,184,1,184,1,0,0,0,0,0,0,0,0,0,0,0,0
283,16,FJg GrW Btr [G],0,average,1,platoon,5,*AI*,1938,1,1946,93,1,93,1,93,1,184,1,184,1,184,1,0,0,0,0,0,0,0,0
284,16,FJg Spaehtrp[G],0,average,1,platoon,5,*AI*,1938,1,1946,271,1,271,1,273,1,273,1,184,1,0,0,0,0,0,0,0,0,0,0
285,16,FJg Spaehtrp[G],0,average,1,platoon,5,*AI*,1942,1,1946,271,1,273,1,273,1,195,1,185,1,0,0,0,0,0,0,0,0,0,0
286,16,FJg Support [G],0,average,2,company,5,*AI*,1938,1,1946,177,1,177,1,184,1,184,1,1289,1,1290,1,1287,1,1284,1,0,0,0,0
287,16,FJg GrW Btr+[G],0,average,1,platoon,5,*AI*,1938,1,1946,653,1,93,1,93,1,93,1,184,1,184,1,184,1,0,0,0,0,0,0
288,16,FJg LMG [G],0,average,1,platoon,5,*AI*,1938,1,1946,274,1,274,1,274,1,184,1,184,1,0,0,0,0,0,0,0,0,0,0
289,16,FJg MG Zug [G],0,average,1,platoon,5,*AI*,1938,1,1946,255,1,255,1,184,1,184,1,0,0,0,0,0,0,0,0,0,0,0,0
290,16,FJg Pio Zug [G],0,average,1,platoon,5,*AI*,1938,1,1946,227,1,227,1,227,1,274,1,274,1,184,1,184,1,184,1,184,1,0,0
291,16,FJg Grp [G],0,average,1,platoon,5,*AI*,1938,1,1946,177,1,177,1,177,1,184,1,184,1,184,1,0,0,0,0,0,0,0,0
292,16,Kavallerie Zug,0,average,1,platoon,3,infantry,1934,1,1946,444,1,444,1,444,1,446,1,446,1,446,1,452,1,0,0,0,0,0,0
293,16,Kavallerie Kp,0,average,2,company,3,infantry,1934,1,1940,444,1,108,1,500,1,452,1,1292,1,1292,1,1292,1,0,0,0,0,0,0
294,16,Kavallerie Kp,0,average,2,company,3,infantry,1940,2,1946,444,1,108,1,1292,1,1292,1,1292,1,0,0,0,0,0,0,0,0,0,0
295,16,Sicherungs Zug,0,average,0,SPWOOB_FTYPE_UNKNOWN,3,infantry,1939,9,1946,101,1,101,1,101,1,360,1,0,0,0,0,0,0,0,0,0,0,0,0
296,16,Sicherungs Kp,0,average,2,company,3,infantry,1939,9,1946,101,1,518,1,500,1,1295,1,1295,1,1295,1,0,0,0,0,0,0,0,0
297,16,OrPo Zug,0,average,0,SPWOOB_FTYPE_UNKNOWN,3,infantry,1935,4,1946,437,1,438,1,438,1,438,1,80,1,80,1,80,1,80,1,0,0,0,0
298,16,OrPo Kompanie,0,average,2,company,3,infantry,1935,4,1946,437,1,80,1,1297,1,1297,1,1297,1,1390,1,0,0,0,0,0,0,0,0
299,16,OrPo Kompanie +,0,average,2,company,3,infantry,1939,9,1946,437,1,80,1,67,1,67,1,461,1,1297,1,1297,1,1297,1,1390,1,1030,1
300,16,NbFz (1),0,average,0,SPWOOB_FTYPE_UNKNOWN,1,armor,1936,1,1940,400,1,0,0,0,0,0,0,0,0,0,0,0,0,0,0,0,0,0,0
301,16,NbFz Zug,0,average,1,platoon,1,armor,1936,1,1940,400,1,400,1,0,0,0,0,0,0,0,0,0,0,0,0,0,0,0,0
302,16,Inf Zug SS,0,average,1,platoon,3,infantry,1934,1,1946,206,1,206,1,206,1,740,1,113,1,0,0,0,0,0,0,0,0,0,0
303,16,Inf Kp SS (sw),0,average,2,company,3,infantry,1938,1,1946,213,1,522,1,1302,1,1302,1,1302,1,0,0,0,0,0,0,0,0,0,0
304,16,InfKp SS +,0,average,2,company,3,infantry,1938,1,1946,213,1,1302,1,1302,1,1302,1,1497,1,0,0,0,0,0,0,0,0,0,0
305,16,Inf Btl SS s Kp,0,average,2,company,3,infantry,1938,8,1944,213,1,1084,1,1391,1,1391,1,0,0,0,0,0,0,0,0,0,0,0,0
306,16,Inf Btl SS s Kp,0,average,2,company,3,infantry,1944,11,1946,213,1,1083,1,1084,1,1392,1,1392,1,0,0,0,0,0,0,0,0,0,0
307,16,GebJgr Zug SS,0,average,1,platoon,3,infantry,1942,1,1946,260,1,260,1,260,1,263,1,0,0,0,0,0,0,0,0,0,0,0,0
308,16,GebJgr Kp SS,0,average,2,company,3,infantry,1942,1,1946,257,1,1307,1,1307,1,1307,1,1309,1,0,0,0,0,0,0,0,0,0,0
309,16,s GebJgr Zug SS,0,average,1,platoon,3,infantry,1942,1,1946,500,1,737,1,268,1,262,1,0,0,0,0,0,0,0,0,0,0,0,0
310,16,Hubschrauber,0,average,0,SPWOOB_FTYPE_UNKNOWN,4,miscellaneous,1943,6,1946,405,1,0,0,0,0,0,0,0,0,0,0,0,0,0,0,0,0,0,0
311,16,Kav Zug SS,0,average,1,platoon,3,infantry,1939,9,1946,444,1,444,1,444,1,446,1,446,1,446,1,452,1,0,0,0,0,0,0
312,16,Kav Kp SS,0,average,2,company,3,infantry,1939,9,1944,444,1,108,1,1311,1,1311,1,1311,1,0,0,0,0,0,0,0,0,0,0
313,16,Kav Kp SS,0,average,2,company,3,infantry,1944,7,1946,444,1,108,1,501,1,452,1,1311,1,1311,1,1311,1,0,0,0,0,0,0
314,16,Pionier Zug SS,0,average,1,platoon,3,infantry,1938,1,1946,211,1,211,1,211,1,440,1,0,0,0,0,0,0,0,0,0,0,0,0
315,16,Pio Zug SS mot,0,average,1,platoon,3,infantry,1938,1,1946,102,1,102,1,102,1,102,1,440,1,80,1,80,1,80,1,80,1,80,1
316,16,Pio Zug SS gep,0,average,1,platoon,3,infantry,1942,11,1946,102,1,102,1,102,1,102,1,440,1,77,1,77,1,77,1,77,1,77,1
317,16,Pionier Kp SS,0,average,2,company,3,infantry,1938,1,1943,211,1,211,1,1314,1,1314,1,1314,1,0,0,0,0,0,0,0,0,0,0
318,16,Pionier Kp SS,0,average,2,company,3,infantry,1944,1,1946,211,1,211,1,93,1,501,1,1314,1,1314,1,1314,1,0,0,0,0,0,0
319,16,OrPo PzSpWgn Gr,0,average,0,SPWOOB_FTYPE_UNKNOWN,1,armor,1936,1,1946,832,1,831,1,0,0,0,0,0,0,0,0,0,0,0,0,0,0,0,0
320,16,Satzmaultiere,0,average,0,SPWOOB_FTYPE_UNKNOWN,4,miscellaneous,1930,1,1946,450,1,450,1,0,0,0,0,0,0,0,0,0,0,0,0,0,0,0,0
321,16,Satzmaultiere Z,0,average,0,SPWOOB_FTYPE_UNKNOWN,4,miscellaneous,1930,1,1946,450,1,450,1,450,1,450,1,0,0,0,0,0,0,0,0,0,0,0,0
322,16,Feldwagen,0,average,0,SPWOOB_FTYPE_UNKNOWN,4,miscellaneous,1930,1,1946,451,1,451,1,0,0,0,0,0,0,0,0,0,0,0,0,0,0,0,0
323,16,Feldwagen Zug,0,average,0,SPWOOB_FTYPE_UNKNOWN,4,miscellaneous,1930,1,1946,451,1,451,1,451,1,451,1,0,0,0,0,0,0,0,0,0,0,0,0
324,16,Kav Transport,0,average,0,SPWOOB_FTYPE_UNKNOWN,4,miscellaneous,1930,1,1946,452,1,452,1,0,0,0,0,0,0,0,0,0,0,0,0,0,0,0,0
325,16,Kav Transp Zug,0,average,0,SPWOOB_FTYPE_UNKNOWN,4,miscellaneous,1930,1,1946,452,1,452,1,452,1,452,1,0,0,0,0,0,0,0,0,0,0,0,0
326,16,Brandenburg Zug,0,average,1,platoon,3,infantry,1939,6,1944,472,1,473,1,474,1,0,0,0,0,0,0,0,0,0,0,0,0,0,0
327,16,Brandenburg Kp,0,average,2,company,3,infantry,1939,6,1943,468,1,1118,1,1326,1,1326,1,1326,1,0,0,0,0,0,0,0,0,0,0
328,16,Brndnbrg Kp mot,0,average,2,company,3,infantry,1939,9,1943,468,1,1118,1,1326,1,1326,1,1326,1,1026,1,1026,1,1026,1,1026,1,0,0
329,16,Brndnbrg Kp gep,0,average,2,company,3,infantry,1941,6,1943,468,1,194,1,1118,1,1430,1,1326,1,1326,1,1326,1,1034,1,1034,1,0,0
330,16,Infanterie AAMG,0,average,0,SPWOOB_FTYPE_UNKNOWN,4,miscellaneous,1930,1,1946,418,1,418,1,0,0,0,0,0,0,0,0,0,0,0,0,0,0,0,0
331,16,Brndnbrg Kp [G],0,average,2,company,5,*AI*,1941,8,1943,468,1,1118,1,1326,1,1326,1,1326,1,1097,1,1097,1,1097,1,0,0,0,0
332,16,PzGrenZug (mot),0,average,1,platoon,3,infantry,1934,6,1946,345,1,290,1,290,1,290,1,80,1,80,1,80,1,80,1,0,0,0,0
333,16,PzGren Kp (mot),0,average,2,company,3,infantry,1934,6,1943,287,1,290,1,500,1,80,1,80,1,80,1,1332,1,1332,1,1332,1,0,0
334,16,PzGren Kp (mot),0,average,2,company,3,infantry,1943,9,1946,287,1,290,1,80,1,80,1,1332,1,1332,1,1332,1,1395,1,0,0,0,0
335,16,PzGr s Kp (mot),0,average,2,company,3,infantry,1938,1,1941,287,1,80,1,93,1,80,1,1396,1,1396,1,0,0,0,0,0,0,0,0
336,16,PzGr s Kp (mot),0,average,2,company,3,infantry,1941,2,1941,287,1,80,1,1396,1,1396,1,1396,1,0,0,0,0,0,0,0,0,0,0
337,16,PzGr s Kp (mot),0,average,2,company,3,infantry,1941,6,1943,287,1,80,1,1396,1,1396,1,1396,1,1179,1,0,0,0,0,0,0,0,0
338,16,PzGr s Kp (mot),0,average,2,company,3,infantry,1943,9,1944,287,1,94,1,94,1,80,1,80,1,80,1,1179,1,0,0,0,0,0,0
339,16,PzGr s Kp (mot),0,average,2,company,3,infantry,1944,8,1946,287,1,94,1,94,1,80,1,80,1,80,1,1178,1,1178,1,1178,1,0,0
340,16,Kavallerie Zug,0,average,1,platoon,3,infantry,1930,1,1933,444,1,444,1,444,1,108,1,502,1,452,1,0,0,0,0,0,0,0,0
341,16,Kavallerie Kp,0,average,2,company,3,infantry,1930,1,1933,444,1,500,1,452,1,1340,1,1340,1,1340,1,0,0,0,0,0,0,0,0
342,16,PzGrZg (mot) SS,0,average,1,platoon,3,infantry,1938,8,1946,213,1,210,1,210,1,210,1,80,1,80,1,80,1,80,1,0,0,0,0
343,16,PzGrKp (mot) SS,0,average,2,company,3,infantry,1938,8,1943,213,1,208,1,80,1,80,1,1342,1,1342,1,1342,1,0,0,0,0,0,0
344,16,PzGrKp (mot) SS,0,average,2,company,3,infantry,1943,11,1946,213,1,208,1,80,1,80,1,1342,1,1342,1,1342,1,1399,1,0,0,0,0
345,16,PG s Kp SS mot,0,average,2,company,3,infantry,1938,1,1943,213,1,80,1,1175,1,1399,1,1399,1,1399,1,0,0,0,0,0,0,0,0
346,16,PG s Kp SS mot,0,average,2,company,3,infantry,1943,11,1946,213,1,80,1,1176,1,1177,1,1177,1,1180,1,1175,1,0,0,0,0,0,0
348,16,PzJg Zug Sfl,0,average,0,SPWOOB_FTYPE_UNKNOWN,1,armor,1940,2,1942,484,1,484,1,0,0,0,0,0,0,0,0,0,0,0,0,0,0,0,0
349,16,PzJg Kp Sfl,0,average,2,company,1,armor,1940,2,1942,484,1,484,1,1348,1,1348,1,0,0,0,0,0,0,0,0,0,0,0,0
351,16,PzGrenZug (gep),0,average,1,platoon,3,infantry,1944,7,1946,287,1,290,1,290,1,77,1,77,1,77,1,0,0,0,0,0,0,0,0
352,16,PzGrenZug (gep),0,average,1,platoon,3,infantry,1939,6,1940,287,1,290,1,290,1,290,1,77,1,77,1,77,1,77,1,0,0,0,0
353,16,PzGrenZug+(gep),0,average,1,platoon,3,infantry,1940,4,1946,287,1,290,1,290,1,77,1,77,1,77,1,165,1,0,0,0,0,0,0
354,16,PzGrenZug*(gep),0,average,1,platoon,3,infantry,1943,11,1946,287,1,290,1,290,1,77,1,77,1,77,1,435,1,0,0,0,0,0,0
355,16,PzGrZug gep (a),0,average,1,platoon,3,infantry,1939,6,1946,287,1,290,1,290,1,0,0,0,0,0,0,0,0,0,0,0,0,0,0
356,16,PzGren Kp (gep),0,average,2,company,3,infantry,1939,6,1940,287,1,290,1,1430,1,1393,1,1352,1,1352,1,1352,1,0,0,0,0,0,0
357,16,PzGren Kp (gep),0,average,2,company,3,infantry,1940,4,1946,287,1,290,1,1430,1,1173,1,1353,1,1353,1,1353,1,1174,1,1393,1,0,0
358,16,PzGren Kp*(gep),0,average,2,company,3,infantry,1943,11,1946,287,1,290,1,1430,1,1173,1,1354,1,1354,1,1354,1,1174,1,1394,1,0,0
359,16,PzGrKp gep (a),0,average,2,company,3,infantry,1939,6,1946,287,1,290,1,993,1,993,1,1355,1,1355,1,1355,1,0,0,0,0,0,0
360,16,PzGren Kp*(gep),0,average,2,company,3,infantry,1944,7,1946,287,1,290,1,1430,1,1591,1,1351,1,1351,1,1351,1,1402,1,1174,1,1173,1
362,16,PzGrZg (gep) SS,0,average,1,platoon,3,infantry,1942,11,1946,287,1,290,1,290,1,77,1,77,1,77,1,165,1,0,0,0,0,0,0
363,16,PzGrZg (gep)*SS,0,average,1,platoon,3,infantry,1943,11,1946,287,1,290,1,290,1,77,1,77,1,77,1,435,1,0,0,0,0,0,0
364,16,PzGrZg gep(a)SS,0,average,1,platoon,3,infantry,1942,11,1946,287,1,290,1,290,1,0,0,0,0,0,0,0,0,0,0,0,0,0,0
365,16,PzGrKp (gep) SS,0,average,2,company,3,infantry,1942,11,1946,287,1,290,1,1430,1,1173,1,1362,1,1362,1,1362,1,1174,1,1397,1,0,0
366,16,PzGrKp (gep)*SS,0,average,2,company,3,infantry,1943,11,1946,287,1,290,1,1430,1,1173,1,1363,1,1363,1,1363,1,1174,1,1398,1,0,0
367,16,PzGrKp gep(a)SS,0,average,2,company,3,infantry,1942,11,1946,287,1,290,1,994,1,994,1,1364,1,1364,1,1364,1,0,0,0,0,0,0
370,16,PzGrenZug (Ust),0,average,1,platoon,3,infantry,1941,1,1946,287,1,77,1,164,1,164,1,164,1,164,1,164,1,164,1,0,0,0,0
371,16,PzGrenBtr(sGrW),0,average,1,platoon,3,infantry,1941,1,1946,287,1,77,1,163,1,163,1,163,1,163,1,163,1,163,1,0,0,0,0
372,16,PzGrenKp (sw),0,average,2,company,3,infantry,1941,1,1946,287,1,287,1,77,1,77,1,1370,1,1371,1,0,0,0,0,0,0,0,0
373,16,PzGrZug Ust SS,0,average,1,platoon,3,infantry,1942,11,1946,287,1,77,1,164,1,164,1,164,1,164,1,164,1,164,1,0,0,0,0
374,16,PzGrBtr sGrW SS,0,average,1,platoon,3,infantry,1942,11,1946,287,1,77,1,163,1,163,1,163,1,163,1,163,1,163,1,0,0,0,0
375,16,PzGrKp (sw) SS,0,average,2,company,3,infantry,1942,11,1946,287,1,287,1,77,1,77,1,1373,1,1374,1,0,0,0,0,0,0,0,0
377,16,2 Schnellboot,0,average,3,naval,4,miscellaneous,1930,1,1946,594,1,594,1,0,0,0,0,0,0,0,0,0,0,0,0,0,0,0,0
378,16,MMG Grp,0,average,0,SPWOOB_FTYPE_UNKNOWN,3,infantry,1930,1,1946,597,1,597,1,0,0,0,0,0,0,0,0,0,0,0,0,0,0,0,0
379,16,JgPzZerstorer,0,average,0,SPWOOB_FTYPE_UNKNOWN,3,infantry,1944,4,1946,606,1,606,1,612,1,612,1,0,0,0,0,0,0,0,0,0,0,0,0
380,16,PzZerstorer Grp,0,average,0,SPWOOB_FTYPE_UNKNOWN,3,infantry,1944,6,1946,596,1,596,1,0,0,0,0,0,0,0,0,0,0,0,0,0,0,0,0
381,16,Inf Btl MG Zug,0,average,1,platoon,3,infantry,1930,1,1946,500,1,500,1,500,1,0,0,0,0,0,0,0,0,0,0,0,0,0,0
382,16,Inf Btl MG Zg b,0,average,1,platoon,3,infantry,1930,1,1943,500,1,500,1,0,0,0,0,0,0,0,0,0,0,0,0,0,0,0,0
383,16,FJg Btl MG Zug,0,average,1,platoon,3,infantry,1938,1,1946,255,1,255,1,0,0,0,0,0,0,0,0,0,0,0,0,0,0,0,0
384,16,GebJgr MG Zug,0,average,1,platoon,3,infantry,1936,1,1946,500,1,500,1,0,0,0,0,0,0,0,0,0,0,0,0,0,0,0,0
385,16,VGren MG Zug,0,average,1,platoon,3,infantry,1944,3,1946,501,1,501,1,0,0,0,0,0,0,0,0,0,0,0,0,0,0,0,0
386,16,LW Btl MG Zug,0,average,1,platoon,3,infantry,1942,2,1943,500,1,500,1,0,0,0,0,0,0,0,0,0,0,0,0,0,0,0,0
387,16,Volkssturm MG,0,average,1,platoon,3,infantry,1945,1,1946,448,1,448,1,0,0,0,0,0,0,0,0,0,0,0,0,0,0,0,0
388,16,Kav MG Zug,0,average,1,platoon,3,infantry,1930,1,1946,500,1,500,1,452,1,452,1,0,0,0,0,0,0,0,0,0,0,0,0
389,16,Kav MG Zug SS,0,average,1,platoon,3,infantry,1939,9,1946,500,1,500,1,452,1,452,1,0,0,0,0,0,0,0,0,0,0,0,0
390,16,OrPo MG Grp,0,average,1,platoon,3,infantry,1935,4,1946,791,1,791,1,80,1,0,0,0,0,0,0,0,0,0,0,0,0,0,0
391,16,InfBtl SS MG Zg,0,average,1,platoon,3,infantry,1938,8,1944,500,1,500,1,500,1,0,0,0,0,0,0,0,0,0,0,0,0,0,0
392,16,InfBtl SS MG Zg,0,average,1,platoon,3,infantry,1944,11,1946,501,1,501,1,0,0,0,0,0,0,0,0,0,0,0,0,0,0,0,0
393,16,PzGrMGGrp (gep),0,average,1,platoon,3,infantry,1939,6,1946,993,1,993,1,993,1,77,1,0,0,0,0,0,0,0,0,0,0,0,0
394,16,PzGrMGGrp*(gep),0,average,1,platoon,3,infantry,1943,11,1946,994,1,994,1,435,1,435,1,0,0,0,0,0,0,0,0,0,0,0,0
395,16,PzGrMGZug (mot),0,average,1,platoon,3,infantry,1943,9,1946,994,1,994,1,93,1,80,1,80,1,0,0,0,0,0,0,0,0,0,0
396,16,PzGrMGZug (mot),0,average,1,platoon,3,infantry,1938,1,1943,993,1,993,1,93,1,80,1,80,1,0,0,0,0,0,0,0,0,0,0
397,16,PGMGZg (gep) SS,0,average,1,platoon,3,infantry,1942,11,1946,994,1,994,1,994,1,77,1,0,0,0,0,0,0,0,0,0,0,0,0
398,16,PGMGZg (gep) SS,0,average,1,platoon,3,infantry,1943,11,1946,994,1,994,1,435,1,435,1,0,0,0,0,0,0,0,0,0,0,0,0
399,16,PGMGZg (mot) SS,0,average,1,platoon,3,infantry,1938,1,1946,993,1,993,1,993,1,80,1,0,0,0,0,0,0,0,0,0,0,0,0
400,16,Landunglastkahn,0,average,0,SPWOOB_FTYPE_UNKNOWN,4,miscellaneous,1930,1,1946,247,1,247,1,0,0,0,0,0,0,0,0,0,0,0,0,0,0,0,0
401,16,Planierraupe,0,average,0,SPWOOB_FTYPE_UNKNOWN,4,miscellaneous,1930,1,1946,565,1,0,0,0,0,0,0,0,0,0,0,0,0,0,0,0,0,0,0
402,16,PzGrMGZug*(gep),0,average,1,platoon,3,infantry,1943,11,1946,994,1,994,1,994,1,435,1,435,1,435,1,0,0,0,0,0,0,0,0
403,16,OrPo Aufkl Grp,0,average,0,SPWOOB_FTYPE_UNKNOWN,3,infantry,1936,1,1946,616,1,617,1,0,0,0,0,0,0,0,0,0,0,0,0,0,0,0,0
404,16,OrPo PaK Grp,0,average,0,SPWOOB_FTYPE_UNKNOWN,2,artillery,1940,9,1944,809,1,809,1,808,1,808,1,0,0,0,0,0,0,0,0,0,0,0,0
405,16,OrPo PzAufk Grp,0,average,0,SPWOOB_FTYPE_UNKNOWN,3,infantry,1941,1,1946,616,1,617,1,610,1,610,1,0,0,0,0,0,0,0,0,0,0,0,0
406,16,OrPo PzAufklJag,0,average,0,SPWOOB_FTYPE_UNKNOWN,3,infantry,1944,8,1946,620,1,620,1,612,1,612,1,0,0,0,0,0,0,0,0,0,0,0,0
407,16,OrPo PzJag Grp,0,average,0,SPWOOB_FTYPE_UNKNOWN,1,armor,1941,12,1946,611,1,611,1,0,0,0,0,0,0,0,0,0,0,0,0,0,0,0,0
408,16,Ost PzJag Grp,0,average,0,SPWOOB_FTYPE_UNKNOWN,1,armor,1941,12,1946,611,1,611,1,0,0,0,0,0,0,0,0,0,0,0,0,0,0,0,0
409,16,Unbritn Kav Zug,0,average,1,platoon,3,infantry,1930,1,1946,715,1,715,1,715,1,452,1,452,1,452,1,0,0,0,0,0,0,0,0
410,16,Kav MMG Grp,0,average,0,SPWOOB_FTYPE_UNKNOWN,3,infantry,1934,1,1946,597,1,597,1,452,1,0,0,0,0,0,0,0,0,0,0,0,0,0,0
411,16,Kav LMG Grp,0,average,0,SPWOOB_FTYPE_UNKNOWN,3,infantry,1934,1,1946,446,1,446,1,446,1,452,1,0,0,0,0,0,0,0,0,0,0,0,0
412,16,Unbrittn Kav Kp,0,average,2,company,3,infantry,1934,1,1940,715,1,108,1,452,1,1409,1,1411,1,1409,1,1411,1,1409,1,1411,1,1410,1
413,16,Unbrittn Kav Kp,0,average,2,company,3,infantry,1940,2,1946,715,1,452,1,108,1,1409,1,1411,1,1409,1,1411,1,1409,1,1411,1,0,0
415,16,Ost Kav Sqdn,0,average,2,company,3,infantry,1942,10,1946,625,1,630,1,630,1,630,1,1416,1,1416,1,1416,1,0,0,0,0,0,0
416,16,Ost Kav Trp,0,average,1,platoon,3,infantry,1942,7,1946,625,1,626,1,626,1,626,1,0,0,0,0,0,0,0,0,0,0,0,0
418,16,VGren Eng Pl,0,average,1,platoon,3,infantry,1944,3,1946,739,1,738,1,739,1,738,1,739,1,738,1,0,0,0,0,0,0,0,0
420,16,SkiJaeger Zug,0,average,1,platoon,3,infantry,1934,6,1946,750,1,750,1,750,1,760,1,0,0,0,0,0,0,0,0,0,0,0,0
421,16,SkiJaeger Kp,0,average,2,company,3,infantry,1936,1,1943,750,1,755,1,757,1,760,1,770,1,1420,1,1420,1,1420,1,1420,1,0,0
422,16,SkiJaeger Kp,0,average,2,company,3,infantry,1944,1,1946,750,1,755,1,757,1,760,1,762,1,1420,1,1420,1,1420,1,0,0,0,0
423,16,SkiPioniere Zug,0,average,1,platoon,3,infantry,1934,6,1946,765,1,765,1,765,1,765,1,0,0,0,0,0,0,0,0,0,0,0,0
425,16,SkiJager Zug SS,0,average,1,platoon,3,infantry,1942,8,1946,750,1,750,1,750,1,760,1,0,0,0,0,0,0,0,0,0,0,0,0
426,16,SkiJaeger Kp SS,0,average,2,company,3,infantry,1942,8,1946,750,1,1425,1,1425,1,1425,1,1425,1,1427,1,0,0,0,0,0,0,0,0
427,16,SkiStutz Zug SS,0,average,1,platoon,3,infantry,1942,8,1946,755,1,757,1,760,1,762,1,770,1,0,0,0,0,0,0,0,0,0,0
428,16,SkiPioniere SS,0,average,1,platoon,3,infantry,1942,8,1946,765,1,765,1,765,1,765,1,0,0,0,0,0,0,0,0,0,0,0,0
429,16,SdKfz 251/1,0,average,0,SPWOOB_FTYPE_UNKNOWN,4,miscellaneous,1939,6,1946,77,1,0,0,0,0,0,0,0,0,0,0,0,0,0,0,0,0,0,0
430,16,SdKfz 251Grp,0,average,0,SPWOOB_FTYPE_UNKNOWN,4,miscellaneous,1939,6,1946,77,1,77,1,0,0,0,0,0,0,0,0,0,0,0,0,0,0,0,0
431,16,SdKfz 251Zug*,0,average,1,platoon,4,miscellaneous,1943,7,1946,77,1,77,1,77,1,435,1,0,0,0,0,0,0,0,0,0,0,0,0
432,16,SdKfz 251/1 Zug,0,average,1,platoon,4,miscellaneous,1944,7,1946,77,1,77,1,77,1,0,0,0,0,0,0,0,0,0,0,0,0,0,0
433,16,Inf Kp (GrW),0,average,2,company,3,infantry,1936,7,1939,494,1,1450,1,1450,1,1450,1,1030,1,0,0,0,0,0,0,0,0,0,0
434,16,Inf Kp (GrW),0,average,2,company,3,infantry,1940,1,1943,494,1,1451,1,1451,1,1451,1,1030,1,0,0,0,0,0,0,0,0,0,0
435,16,Inf Kp (sw),0,average,2,company,3,infantry,1936,7,1939,494,1,1452,1,1452,1,1452,1,0,0,0,0,0,0,0,0,0,0,0,0
436,16,Inf Kp (sw),0,average,2,company,3,infantry,1940,1,1943,494,1,1453,1,1453,1,1453,1,0,0,0,0,0,0,0,0,0,0,0,0
437,16,Inf Kp (PzZ),0,average,2,company,3,infantry,1944,6,1946,101,1,596,1,501,1,1455,1,1455,1,1455,1,0,0,0,0,0,0,0,0
440,16,Inf Kp 44,0,average,2,company,3,infantry,1944,1,1946,101,1,1455,1,1455,1,1455,1,0,0,0,0,0,0,0,0,0,0,0,0
442,16,GrW Plt,0,average,1,platoon,2,artillery,1935,1,1946,93,1,93,1,0,0,0,0,0,0,0,0,0,0,0,0,0,0,0,0
443,16,GrW Plt (sw),0,average,1,platoon,2,artillery,1936,11,1946,232,1,232,1,0,0,0,0,0,0,0,0,0,0,0,0,0,0,0,0
445,16,Infanterie Kp +,0,average,2,company,3,infantry,1936,7,1943,494,1,730,1,502,1,1449,1,1449,1,1449,1,0,0,0,0,0,0,0,0
446,16,Infanterie Kp,0,average,2,company,3,infantry,1930,1,1943,494,1,1449,1,1449,1,1449,1,0,0,0,0,0,0,0,0,0,0,0,0
449,16,Infanterie Zug,0,average,1,platoon,3,infantry,1930,1,1943,494,1,101,1,101,1,992,1,0,0,0,0,0,0,0,0,0,0,0,0
450,16,Inf Zug (GrW),0,average,1,platoon,3,infantry,1936,7,1939,494,1,101,1,101,1,449,1,0,0,0,0,0,0,0,0,0,0,0,0
451,16,Inf Zug (GrW),0,average,1,platoon,3,infantry,1940,1,1943,494,1,101,1,101,1,360,1,449,1,0,0,0,0,0,0,0,0,0,0
452,16,Inf Zug (sw),0,average,1,platoon,3,infantry,1936,7,1939,518,1,101,1,101,1,113,1,0,0,0,0,0,0,0,0,0,0,0,0
453,16,Inf Zug (sw),0,average,1,platoon,3,infantry,1940,1,1943,518,1,101,1,101,1,360,1,113,1,0,0,0,0,0,0,0,0,0,0
455,16,Inf Zug 44,0,average,1,platoon,3,infantry,1944,1,1946,101,1,101,1,361,1,0,0,0,0,0,0,0,0,0,0,0,0,0,0
457,16,GebJgrStutz Zug,0,average,1,platoon,3,infantry,1934,6,1943,257,1,262,1,267,1,500,1,443,1,0,0,0,0,0,0,0,0,0,0
458,16,GebJgrStutz Zug,0,average,1,platoon,3,infantry,1944,1,1946,257,1,268,1,262,1,737,1,0,0,0,0,0,0,0,0,0,0,0,0
461,16,Ost Inf Kp,0,average,2,company,3,infantry,1942,10,1946,305,1,1209,1,1209,1,1265,1,0,0,0,0,0,0,0,0,0,0,0,0
462,16,Ost Panzer Kp,0,average,2,company,1,armor,1943,1,1944,940,1,940,1,1466,1,1466,1,1466,1,0,0,0,0,0,0,0,0,0,0
465,16,Ost-Inf s Zug,0,average,1,platoon,3,infantry,1942,7,1946,633,1,633,1,736,1,736,1,449,1,449,1,0,0,0,0,0,0,0,0
466,16,Ost Panzer Zug,0,average,0,SPWOOB_FTYPE_UNKNOWN,1,armor,1943,1,1944,935,1,935,1,935,1,935,1,0,0,0,0,0,0,0,0,0,0,0,0
467,16,Ost Panzer Grp,0,average,0,SPWOOB_FTYPE_UNKNOWN,1,armor,1943,1,1944,935,1,935,1,0,0,0,0,0,0,0,0,0,0,0,0,0,0,0,0
469,16,Ost-Inf Zug SS,0,average,1,platoon,3,infantry,1942,7,1946,306,1,306,1,306,1,729,1,0,0,0,0,0,0,0,0,0,0,0,0
470,16,Ost Inf Kp SS,0,average,2,company,3,infantry,1942,7,1946,305,1,1465,1,1469,1,1469,1,1469,1,0,0,0,0,0,0,0,0,0,0
475,16,Inf Btl sw Zug,0,average,1,platoon,3,infantry,1936,1,1946,597,1,597,1,731,1,731,1,0,0,0,0,0,0,0,0,0,0,0,0
480,16,VGren Btln HQ,0,average,2,company,3,infantry,1944,3,1946,107,1,515,1,1418,1,746,1,0,0,0,0,0,0,0,0,0,0,0,0
481,16,VGren MG Kp (I),0,average,2,company,3,infantry,1944,3,1946,107,1,1385,1,1385,1,1442,1,1035,1,1035,1,0,0,0,0,0,0,0,0
482,16,VGren MG Kp (G),0,average,2,company,3,infantry,1944,3,1946,107,1,1385,1,1385,1,1442,1,1442,1,0,0,0,0,0,0,0,0,0,0
483,16,VGren IG s Kp/T,0,average,2,company,2,artillery,1944,3,1946,91,1,91,1,1035,1,1443,1,1111,1,1323,1,1157,1,452,1,0,0,0,0
484,16,VGren IG Kp /T,0,average,2,company,2,artillery,1944,3,1946,91,1,91,1,1035,1,1084,1,1111,1,1323,1,1157,1,78,1,452,1,0,0
485,16,VGren s IG Kp,0,average,2,company,2,artillery,1944,3,1946,91,1,91,1,1035,1,1443,1,1111,1,0,0,0,0,0,0,0,0,0,0
486,16,VGren IG Kp,0,average,2,company,2,artillery,1944,3,1946,91,1,91,1,1035,1,1084,1,1111,1,0,0,0,0,0,0,0,0,0,0
490,16,Inf Kp SS (GrW),0,average,2,company,3,infantry,1938,1,1943,213,1,1495,1,1495,1,1495,1,0,0,0,0,0,0,0,0,0,0,0,0
491,16,InfKp SS (GrW)+,0,average,2,company,3,infantry,1938,1,1943,213,1,1495,1,1495,1,1495,1,1498,1,0,0,0,0,0,0,0,0,0,0
495,16,Inf Zug SS (G),0,average,1,platoon,3,infantry,1938,1,1943,206,1,206,1,206,1,359,1,113,1,449,1,0,0,0,0,0,0,0,0
497,16,Inf Zug SS (sw),0,average,1,platoon,3,infantry,1938,1,1946,500,1,93,1,522,1,110,1,0,0,0,0,0,0,0,0,0,0,0,0
498,16,s Inf Zug SS,0,average,1,platoon,3,infantry,1938,1,1946,500,1,93,1,188,1,110,1,0,0,0,0,0,0,0,0,0,0,0,0
500,16,GebJgr PaK Zug,0,average,1,platoon,2,artillery,1940,1,1944,828,1,828,1,828,1,0,0,0,0,0,0,0,0,0,0,0,0,0,0
505,16,PaK RSO Gruppe,0,average,1,platoon,2,artillery,1943,11,1944,956,1,956,1,956,1,0,0,0,0,0,0,0,0,0,0,0,0,0,0
510,16,GebJg Art VB,0,average,1,platoon,2,artillery,1930,1,1946,678,1,0,0,0,0,0,0,0,0,0,0,0,0,0,0,0,0,0,0
511,16,FJg Art VB,0,average,1,platoon,2,artillery,1938,1,1946,653,1,0,0,0,0,0,0,0,0,0,0,0,0,0,0,0,0,0,0
518,16,Armoured Trucks,0,average,0,SPWOOB_FTYPE_UNKNOWN,4,miscellaneous,1941,1,1946,983,1,983,1,0,0,0,0,0,0,0,0,0,0,0,0,0,0,0,0
521,16,Pz4 Special Grp,0,average,0,SPWOOB_FTYPE_UNKNOWN,1,armor,1942,4,1942,989,1,989,1,0,0,0,0,0,0,0,0,0,0,0,0,0,0,0,0
526,16,HitlerJugend,0,average,0,SPWOOB_FTYPE_UNKNOWN,3,infantry,1945,1,1946,999,1,998,1,0,0,0,0,0,0,0,0,0,0,0,0,0,0,0,0
532,16,Pzkp (a) le 37,0,average,2,company,1,armor,1938,1,1940,1,1,1,1,1,1,1,1,1043,1,1043,1,1201,1,1536,1,0,0,0,0
533,16,Pzkp (a) le 38,0,average,2,company,1,armor,1938,10,1940,1,1,1,1,216,1,216,1,1537,1,1537,1,1201,1,1536,1,0,0,0,0
534,16,swPanzer,0,average,0,SPWOOB_FTYPE_UNKNOWN,4,miscellaneous,1942,8,1946,31,1,0,0,0,0,0,0,0,0,0,0,0,0,0,0,0,0,0,0
535,16,Panzer,0,average,0,SPWOOB_FTYPE_UNKNOWN,4,miscellaneous,1939,9,1946,7,1,0,0,0,0,0,0,0,0,0,0,0,0,0,0,0,0,0,0
536,16,Panzer Zug(m)/3,0,average,1,platoon,1,armor,1938,1,1940,216,1,216,1,216,1,0,0,0,0,0,0,0,0,0,0,0,0,0,0
537,16,Panzer Zug(l)/3,0,average,1,platoon,1,armor,1938,10,1940,2,1,2,1,2,1,0,0,0,0,0,0,0,0,0,0,0,0,0,0
549,16,JagdPz Grp,0,average,0,SPWOOB_FTYPE_UNKNOWN,1,armor,1943,5,1946,965,1,965,1,0,0,0,0,0,0,0,0,0,0,0,0,0,0,0,0
561,16,Capt A/Cars,0,average,0,SPWOOB_FTYPE_UNKNOWN,4,miscellaneous,1938,4,1946,842,1,842,1,0,0,0,0,0,0,0,0,0,0,0,0,0,0,0,0
588,16,FJgPzGrZug(gep),0,average,1,platoon,3,infantry,1944,8,1946,225,1,225,1,225,1,77,1,77,1,77,1,0,0,0,0,0,0,0,0
589,16,FJgPzGrKp (gep),0,average,2,company,3,infantry,1944,8,1946,225,1,225,1,1430,1,1588,1,1588,1,1174,1,1173,1,1590,1,0,0,0,0
590,16,FJgPzGr FlakZug,0,average,0,SPWOOB_FTYPE_UNKNOWN,0,default,1944,8,1946,201,1,201,1,201,1,201,1,201,1,201,1,0,0,0,0,0,0,0,0
591,16,Flak le Grp,0,average,0,SPWOOB_FTYPE_UNKNOWN,0,default,1942,9,1946,435,1,435,1,0,0,0,0,0,0,0,0,0,0,0,0,0,0,0,0
598,16,swPanzer Kp (a),0,average,2,company,1,armor,1942,12,1943,31,1,277,1,31,1,277,1,31,1,277,1,1599,1,1600,1,0,0,0,0
599,0,swPanzer Zug(2),0,average,1,platoon,1,armor,1942,8,1943,31,1,277,1,31,1,277,1,31,1,277,1,0,0,0,0,0,0,0,0
600,0,swPanzer Zug(3),0,average,1,platoon,1,armor,1942,8,1943,31,1,277,1,31,1,277,1,277,1,277,1,0,0,0,0,0,0,0,0
802,16,Ground Attack,0,average,1,platoon,4,miscellaneous,1938,9,1946,427,1,427,1,0,0,0,0,0,0,0,0,0,0,0,0,0,0,0,0
998,16,Goliath,0,average,0,SPWOOB_FTYPE_UNKNOWN,4,miscellaneous,1942,4,1946,991,1,0,0,0,0,0,0,0,0,0,0,0,0,0,0,0,0,0,0
999,16,Demolition,0,average,0,SPWOOB_FTYPE_UNKNOWN,4,miscellaneous,1930,1,1946,878,1,0,0,0,0,0,0,0,0,0,0,0,0,0,0,0,0,0,0
